{"cameraMode":{"drawMode":0,"name":"Shaded","section":"Shading Mode"},"sceneLighting":true,"audioPlay":false,"sceneViewState":{"showFog":true,"showMaterialUpdate":false,"showSkybox":true,"showFlares":true,"showImageEffects":true,"showParticleSystems":true,"showVisualEffectGraphs":true,"m_FxEnabled":true},"in2DMode":false,"pivot":{"x":0.8430030345916748,"y":-0.8848873376846314,"z":-6.052538871765137},"rotation":{"x":0.014016207307577134,"y":0.9840627908706665,"z":-0.09029266983270645,"w":0.15265057981014253},"size":4.406737327575684,"orthographic":false}